{"cameraMode":{"drawMode":0,"name":"Shaded","section":"Shading Mode"},"sceneLighting":false,"audioPlay":false,"sceneViewState":{"showFog":true,"showMaterialUpdate":false,"showSkybox":false,"showFlares":true,"showImageEffects":true,"showParticleSystems":true},"in2DMode":false,"pivot":{"x":-0.004500895738601685,"y":0.0830359011888504,"z":-0.024063840508461},"rotation":{"x":0.03898051008582115,"y":-0.8228662610054016,"z":0.056868016719818118,"w":0.5640386343002319},"size":0.415117084980011,"orthographic":false}