{"cameraMode":{"drawMode":0,"name":"Shaded","section":"Shading Mode"},"sceneLighting":true,"audioPlay":false,"sceneViewState":{"showFog":true,"showMaterialUpdate":false,"showSkybox":true,"showFlares":true,"showImageEffects":true,"showParticleSystems":true},"in2DMode":false,"pivot":{"x":5.232481002807617,"y":0.9865192174911499,"z":9.518062591552735},"rotation":{"x":-0.00637418869882822,"y":-0.5269285440444946,"z":-0.003952042665332556,"w":0.8498767614364624},"size":0.6284998655319214,"orthographic":false}